type,value
Trees,-1.77631469016691
Trees,1.64657632287532
Trees,0.488817419851397
Trees,-0.124094377926691
Trees,-0.0235808204897442
Trees,0.0633392229143902
Trees,-1.12003877806003
Trees,-0.588100796118183
Trees,-0.910824156455993
Trees,0.962126919708827
Trees,-1.01869346346051
Trees,-1.35875640761682
Trees,1.24427385193651
Trees,0.239585475810887
Trees,-0.568272231735263
Trees,-0.0103423314045569
Trees,0.953989539491403
Trees,-1.60633418356557
Trees,1.26566678276414
Trees,-1.79205408275276
Trees,0.718862570787166
Trees,0.114161283633124
Trees,0.766087332515152
Trees,0.4779682399818
Trees,-0.307722929823103
Trees,-0.603045323791256
Trees,-0.23486140968107
Trees,1.02798996488556
Trees,1.16253110266955
Trees,0.232048323842101
Trees,0.402099878205056
Trees,-0.495800637547683
Trees,-1.61692856709375
Trees,-1.32167688498653
Trees,0.30307812291066
Trees,1.53544912637131
Trees,-1.19321384485454
Trees,-0.137873941879154
Trees,-1.45163314995325
Trees,-0.297258222827512
Trees,0.105896280654485
Trees,1.91694220476315
Trees,-0.198328764516995
Trees,1.67752491649217
Trees,1.54854238966108
Trees,-1.40403900215512
Trees,-0.151513125904659
Trees,1.91027696636761
Trees,-0.365013103801853
Trees,-0.435740938063273
Trees,0.0987419517106402
Trees,-0.580780307908968
Trees,0.0114739302343987
Trees,0.313340953566299
Trees,0.174708917631921
Trees,-0.50282017411911
Trees,0.856420261719245
Trees,-0.280404317366103
Trees,1.31929387042381
Trees,1.70363595692657
Trees,-0.872771229948977
Trees,-1.24901499857157
Trees,-0.684326977089372
Trees,-0.749948150599547
Trees,0.505884184475694
Trees,0.336252872196366
Trees,-0.922477692878372
Trees,0.100576235503017
Trees,-0.164312401515456
Trees,-0.371742589529233
Trees,0.907189866738376
Trees,0.609577357183098
Trees,1.43903689428755
Trees,-0.190630994635708
Trees,0.30902348323525
Trees,1.08184489758
Trees,0.19862997251326
Trees,-0.757620749950119
Trees,-0.34069362108153
Trees,0.0797417552381486
Trees,1.78600647032595
Trees,-0.498319614504085
Trees,0.253613753271703
Trees,0.396110674892336
Trees,-0.430653519500597
Trees,0.265039244117706
Trees,0.260080320604823
Trees,0.0652738691947021
Trees,-0.590794772943826
Trees,0.838461892153048
Trees,1.43960617559651
Trees,0.649836010851656
Trees,0.298419095616351
Trees,0.421420032274433
Trees,0.227899355827048
Trees,0.692937492673722
Trees,0.800267557423017
Trees,-1.37079182443376
Trees,0.248399389701904
Trees,1.07159155498822
Trees,0.692292654749765
Trees,0.0748613708954729
Trees,-0.509022531531418
Trees,0.688580368712123
Trees,-1.14207961336888
Trees,1.33522496362082
Trees,0.646981157326786
Trees,0.24145740820343
Trees,1.112578066954
Trees,1.84746350454289
Trees,-0.51551960161722
Trees,-0.834718975927522
Trees,1.12780324488107
Trees,-1.42818755068781
Trees,0.502994274683518
Trees,-0.408036709216105
Trees,-0.916053528128831
Trees,0.171935068523988
Trees,0.0177353651858595
Trees,-1.12699480905614
Trees,0.515713800460095
Trees,0.211497494681865
Trees,-0.0703845474656272
Trees,0.477555349388922
Trees,1.1907504269784
Trees,0.438662436279123
Trees,1.09681416913652
Trees,1.04642638367958
Trees,-0.350340579926685
Trees,-0.504287804342402
Trees,-0.357033894494894
Trees,-0.279120761608134
Trees,-0.142910807253543
Trees,-0.649613057205143
Trees,-1.59551038454701
Trees,0.350312636838644
Trees,-0.748651208756859
Trees,0.54912673347707
Trees,0.563648804697956
Trees,1.27863699859648
Trees,-1.05020132574171
Trees,0.349456142545891
Trees,-0.85529139246364
Trees,1.2173302185765
Trees,-0.276582159953143
Trees,0.31166706086929
Trees,-0.426473665648378
Trees,2.57436679725317
Trees,-0.306402842977318
Trees,0.920823434599499
Trees,1.77928310419017
Trees,0.532089059303082
Trees,-0.633622557431526
Trees,-0.635607414281638
Trees,-0.1296257274616
Trees,-0.0707379424381593
Trees,0.840500220944046
Trees,0.0842389370223095
Trees,0.932604325419917
Trees,-1.18941740821727
Trees,-0.8955586794962
Trees,0.736684114686044
Trees,-1.34283704860041
Trees,-0.685773911079547
Trees,0.0139522732158818
Trees,1.81591896124438
Trees,1.03264757482343
Trees,0.950339092976834
Trees,0.038843225798471
Trees,-1.34936449505282
Trees,0.0908859444314637
Trees,1.14060291801025
Trees,1.68655614831337
Trees,-0.25768628809786
Trees,0.77961971895373
Trees,0.116639770156707
Trees,0.146771422317187
Trees,0.349030934390303
Trees,-1.60696020657892
Trees,-0.527450691901211
Trees,0.654963301991331
Trees,0.744371460678533
Trees,-0.970162671920518
Trees,-1.4346980779679
Trees,0.781818276405243
Trees,0.823496710682671
Trees,-0.880534277781444
Trees,1.23673386611523
Trees,-0.174329125997129
Trees,0.0320351714224449
Trees,-0.166233174030385
Trees,1.90205778442266
Trees,-0.786138132229225
Trees,0.262080805008428
Trees,0.291954354843401
Trees,-0.508125905601758
Trees,0.905800599803613
Trees,1.21090080678689
Trees,1.1365094664158
Trees,0.0476315215848367
Trees,0.34705160003871
Trees,0.111742782796895
Trees,-0.8213374787026
Trees,1.33114118062915
Trees,-1.90354314855266
Trees,1.12748418261124
Trees,1.71575052918318
Trees,-0.944940062709235
Trees,-1.96390566728158
Trees,-1.63083959739529
Trees,0.654002492706821
Trees,-1.55406764647858
Trees,-1.74596274956721
Trees,0.626530905299107
Trees,0.103547478692159
Trees,-0.240260655503409
Trees,0.337912097792632
Trees,-0.210724232695212
Trees,-0.198800373781965
Trees,1.6974584469881
Trees,-0.448695424820659
Trees,0.188948814199613
Trees,0.696134904203245
Trees,-1.13443199905912
Trees,-0.527405473265847
Trees,0.619124592245063
Trees,-0.440673891483413
Trees,0.425955895338581
Trees,-0.0251200760504208
Trees,0.741147682949136
Trees,-2.10158962039462
Trees,-1.256567337705
Trees,-2.07466967934614
Trees,-0.142487223576348
Trees,1.50386886884296
Trees,0.102302564026395
Trees,0.922742091546596
Trees,-1.34126567015426
Trees,0.0665358539383805
Trees,0.509245659614518
Trees,-1.51271743272799
Trees,-0.407070361780782
Trees,-0.457005018240274
Trees,1.18311228497644
Trees,0.747630499696016
Trees,0.825267452697861
Trees,1.02410589451897
Trees,-0.0678063530763343
Trees,0.439645503232819
Trees,1.19282643582904
Trees,-1.08957561099067
Trees,-1.14287110339942
Trees,0.800297879226223
Trees,0.706005333015349
Trees,-0.19696954414309
Trees,-0.100172765982082
Trees,0.85323217151236
Trees,1.28191208150568
Trees,-0.0459085989689733
Trees,-1.29685963053915
Trees,1.22305466707461
Trees,-2.78593335097539
Trees,0.357015256979645
Trees,0.560681113452721
Trees,0.430188869751462
Trees,0.209398070370287
Trees,-0.624053358791984
Trees,-0.350092658564894
Trees,0.361170355224208
Trees,0.733625529445184
Trees,-0.409440889637936
Trees,0.384145741587682
Trees,0.463646204787893
Trees,0.509320772049528
Trees,-0.347902983570553
Trees,-0.833555622941997
Trees,-0.928315063137006
Trees,1.1880024450548
Trees,1.85995197635261
Trees,0.853371129822413
Trees,-1.31574619843078
Trees,-0.0905793150376138
Trees,0.0556576492520869
Trees,-0.189903457995174
Trees,-1.80053400013445
Trees,0.314929091666782
Trees,-0.936395258843109
Trees,1.81345001529216
Trees,-1.30849434293259
Trees,1.45481321474949
Trees,-3.50594421731902
Trees,1.86498599523494
Trees,2.61580570493104
Trees,0.244160938798585
Trees,-1.59040828280344
Trees,-0.657119286040774
Trees,1.11444808130286
Trees,-0.756956990191673
Trees,-2.16573117871612
Trees,0.334368462149139
Trees,0.12751507398452
Trees,-0.669669113127795
Trees,0.585390552933652
Trees,0.348456258267102
Trees,0.851253548397375
Trees,1.01797434491064
Trees,-1.80453812602563
Trees,-1.29179086491562
Trees,-1.71851690340551
Trees,1.23291763341473
Trees,0.192114834586251
Trees,-1.2879616787075
Trees,0.259613659151695
Trees,-0.98050522355092
Trees,-1.18448271636462
Trees,-0.462754915392224
Trees,-0.23714096790591
Trees,0.625998926835165
Trees,-0.614556524885064
Trees,1.52785311208555
Trees,-2.13101395991171
Trees,0.67817812651585
Trees,-0.715549322466154
Trees,-0.0269733334480004
Trees,0.960245200021654
Trees,1.00718093684254
Trees,0.794558620182907
Trees,1.51715982597433
Trees,0.194986728531335
Trees,-0.867360351000256
Trees,-0.091398815769171
Trees,-0.0567381272147842
Trees,1.5761890026181
Trees,0.408958553776662
Trees,-1.17731408667032
Trees,0.147329556272223
Trees,-0.711080651195667
Trees,0.952091865504397
Trees,1.0353037984167
Trees,0.323605496034808
Trees,-0.392341404388882
Trees,-0.435304640841965
Trees,-0.228510719181855
Trees,-1.16351083945058
Trees,-0.881261066499063
Trees,-0.702746758569098
Trees,-1.00335379087253
Trees,2.20792450457246
Trees,0.425077201990368
Trees,-0.792647028018007
Trees,0.770152749529976
Trees,0.95628163309937
Trees,-0.555920987985749
Trees,0.943823532953522
Trees,0.802353914995272
Trees,0.45245718674193
Trees,1.4844471728045
Trees,0.575965658844219
Trees,-0.0537687907622965
Trees,-0.393649257430987
Trees,-0.54832600959828
Trees,0.91384710044939
Trees,0.256801025885881
Trees,-0.642588585387068
Trees,-2.41131739462017
Trees,-1.57708847791836
Trees,1.47152939995423
Trees,1.23503160569005
Trees,-1.30586019615921
Trees,-0.618103014746121
Trees,-0.721038405192118
Trees,0.534591680218683
Trees,0.408641346887846
Trees,1.3390983756701
Trees,-0.0667192709887128
Trees,1.07425969038637
Trees,0.726486120773545
Trees,-0.178628757124002
Trees,-1.55734586374734
Trees,0.814331625152238
Trees,0.698428895318392
Trees,0.25129851505021
Trees,0.849758472486651
Trees,0.694852873523169
Trees,0.611186309883227
Trees,-1.43459272198634
Trees,0.128785789005622
Trees,0.495702024060098
Trees,2.51074916442246
Trees,-0.482248626663133
Trees,-0.134069112613607
Trees,-1.36806029998031
Trees,0.702598961836526
Trees,0.258910599880245
Trees,0.589391094903451
Trees,0.0262642512813902
Trees,1.13057339639464
Trees,1.07910189654172
Trees,-2.43881479019546
Trees,-0.746997308205242
Trees,1.69230881949704
Trees,-1.33320573274152
Trees,1.48476385353151
Trees,-1.09199484626742
Trees,-0.818443438104646
Trees,-1.04895555200285
Trees,-0.593275958365904
Trees,-0.900608699746879
Trees,0.718550122114772
Trees,0.244267142541887
Trees,0.216210791381863
Trees,1.06260829549735
Trees,0.801209126774246
Trees,1.09516318167776
Trees,0.135512951152735
Trees,-0.536360170526738
Trees,-0.00218844256893489
Trees,-0.377929201983968
Trees,0.20941041943815
Trees,-0.0567085388024048
Trees,1.10412186996891
Trees,0.668775407739912
Trees,0.549229919378919
Trees,0.240744899907173
Trees,-0.503621584518574
Trees,-0.533704367472546
Trees,0.975936890217842
Trees,0.154360662715599
Trees,-0.356990401961095
Trees,0.200014957558072
Trees,-2.17716931519937
Trees,1.14559785431086
Trees,-0.55314812603638
Trees,0.269782269015066
Trees,0.127354472049115
Trees,0.708799516797812
Trees,-0.307474146117214
Trees,1.34567340237831
Trees,0.787033757610007
Trees,-0.49120928241567
Trees,-1.65291848583832
Trees,0.0233363815704592
Trees,0.767319688217159
Trees,-0.381012428642754
Trees,-0.472108130875811
Trees,0.75743175335856
Trees,-0.653822070610848
Trees,1.31219981094986
Trees,-1.89101612848005
Trees,-0.478066276256009
Trees,1.95236405088342
Trees,-0.39876917881868
Trees,-2.03730131384219
Trees,-0.419577516260083
Trees,0.466747718339508
Trees,-0.325162541522102
Trees,-0.240425898522446
Trees,1.64225638104815
Trees,-0.590470884454383
Trees,1.54499841246943
Trees,0.919376076795626
Trees,-0.946235577475321
Trees,1.98750364846889
Trees,-0.104496120975884
Trees,0.211523205021308
Trees,-0.506471754617422
Trees,-0.683457028553245
Trees,-0.600409090977575
Trees,-0.83648334445122
Trees,-0.139671172557107
Trees,0.438545833301776
Trees,0.140162903399619
Trees,-1.20110911068291
Trees,-1.77708359932295
Trees,0.111208157579262
Trees,-0.0773322337300189
Trees,-0.148505450939909
Trees,-0.379423118934028
Trees,0.343555461976724
Trees,1.09949938549779
Trees,-1.27348100606617
Trees,-1.19223807489702
Trees,1.87153444150842
Trees,1.19449311514391
Trees,0.722523091147097
Trees,-0.0318172221236906
Trees,-0.198589072731269
Trees,-1.06061982310181
Trees,0.141612140858491
Trees,-0.943999295373735
Trees,-0.161573962089914
Trees,2.64634769294747
Trees,1.48262949746228
Trees,-0.338623512664429
Trees,1.22089613261726
Trees,-0.634293086122909
Trees,0.442385291552865
Trees,-0.298724171135196
Trees,1.05510687193814
Trees,1.2281328615261
Trees,0.656463265121104
Trees,0.360115698736818
Trees,-2.1735844979327
Trees,-1.50590458762652
Trees,-0.837406317114121
Trees,0.0516485842107923
Trees,1.30960492954656
Trees,-0.271783667392857
Trees,1.07046070117244
Trees,0.675448791980992
Trees,1.58832986836535
Trees,1.85995824757993
Trees,-0.0863002769898336
Trees,-1.39052097211725
Trees,-0.452286269709715
Trees,0.564328426881463
Trees,-0.416085258025054
Trees,0.772625964816034
Trees,-1.23951613057692
Trees,-1.65937409466501
Trees,1.23551059139762
Trees,-0.478167300649581
Trees,1.56143040977733
Trees,0.864999613288115
Trees,0.204634205971248
Trees,0.286373323932789
Trees,-2.07569973399254
Trees,0.719118425624412
Trees,2.48088605848923
Trees,-0.678755631723779
Trees,-1.23912416738401
Trees,0.0565469153540672
Trees,-1.28167314550816
Trees,0.594029495624233
Trees,-0.598419552540801
Trees,-1.20562589909205
Trees,0.452490129170124
Trees,-0.620200319430699
Trees,-1.95018601323985
Trees,-1.17105017974242
Trees,0.0843009018294492
Trees,-1.3902269852843
Trees,0.30907773078812
Trees,0.155271656300751
Trees,-0.292616056630591
Trees,0.30181096859034
Trees,-0.0372201896753214
Trees,0.358217778065714
Trees,-0.307952851072267
Trees,-0.515550867943546
Trees,0.340734245577699
Trees,-1.45449692848265
Trees,2.01506591609875
Trees,2.36851476754157
Trees,0.67349841590729
Trees,0.395597110481871
Trees,1.2544127064985
Trees,1.30817302720366
Trees,-0.257135171895442
Trees,-1.25540735486299
Trees,0.827899047339341
Trees,0.619205004983409
Trees,2.34232223209564
Trees,0.130147101490965
Trees,0.397062732412453
Trees,1.05808598734961
Trees,-0.461205296811059
Trees,-1.48514533302868
Trees,1.92745573885298
Trees,0.99330567296386
Trees,1.65300452265034
Trees,-0.42850566181871
Trees,-2.01422486527963
Trees,0.598436981843468
Trees,1.8901078443881
Trees,1.23419978317447
Trees,-1.81894481658391
Trees,0.932209241294651
Trees,0.31388858812648
Trees,-1.4356775794975
Trees,-0.287092157131634
Trees,1.37398803182363
Trees,1.37696098745949
Trees,-0.857054033101197
Trees,0.476170700260757
Trees,-0.179819111767417
Trees,-1.3592352253486
Trees,-1.35080555511003
Trees,-1.11446613141611
Trees,1.63533858296185
Trees,0.751479016710911
Trees,-0.723091269122939
Trees,0.122740086396294
Trees,1.22830402380792
Trees,-0.521883896854516
Trees,-1.49736107004879
Trees,-0.889470837281296
Trees,-0.56091862262184
Trees,0.210800631548912
Trees,0.716279387716621
Trees,-0.415651237478095
Trees,-0.953698329025762
Trees,1.31934752015253
Trees,-0.0619696421617973
Trees,1.34313619939034
Trees,-0.292932505314644
Trees,0.110486398224234
Trees,-0.34385836949526
Trees,-1.40606275705706
Trees,1.42495180326693
Trees,0.228682860675508
Trees,-0.121139545225128
Trees,2.08623124339571
Trees,-0.93244485233178
Trees,0.835049428740539
Trees,2.86665648837723
Trees,-0.72717636534863
Trees,1.04404071930327
Trees,-0.81284179301742
Trees,-0.961741013428974
Trees,0.340739442985552
Trees,-1.07843520059911
Trees,0.992115397180361
Trees,0.101196777411518
Trees,1.31504183639461
Trees,0.262679742336339
Trees,-0.848042449282639
Trees,-0.822011786339723
Trees,-2.75671593356607
Trees,0.235086108349832
Trees,-1.75744239240497
Trees,1.53667150788009
Trees,0.615300868673721
Trees,2.47125825466308
Trees,2.85988571444325
Trees,-1.4853248148956
Trees,1.19674661675338
Trees,0.340910688229329
Trees,-1.16004620026345
Trees,-0.643644201929467
Trees,-1.2792654454047
Trees,0.378906748744274
Trees,0.0831542434082756
Trees,0.0412592987609482
Trees,-0.472557573670961
Trees,-0.495112648340786
Trees,-2.88788351932443
Trees,-0.468857292384786
Trees,0.380633087147368
Trees,-1.11131853725848
Trees,1.46480932606847
Trees,0.873771613027574
Trees,-0.951421857667963
Trees,0.448073368615977
Trees,-0.0454679686054943
Trees,-0.642674811717771
Trees,-1.28721823786927
Trees,0.926392065335381
Trees,0.261795805515844
Trees,-1.24168885477745
Trees,0.21446312666819
Trees,1.61653274558845
Trees,0.0105465198606492
Trees,-0.283020399521008
Trees,-0.895316609851309
Trees,1.67761510926703
Trees,-0.777270547486444
Trees,-1.12809846823464
Trees,2.00245036025985
Trees,-0.361331264603911
Trees,-0.0950489381093848
Trees,-0.149432673544347
Trees,0.183817004924402
Trees,0.35328238837331
Trees,-0.747645699579441
Trees,1.12647074668127
Trees,-1.14831472736523
Trees,-1.35632307540433
Trees,0.845581187678951
Trees,-0.424235251570954
Trees,1.38701473870691
Trees,0.810573052431407
Trees,0.759959788074483
Trees,-0.399035632394402
Trees,0.679693002668364
Trees,-1.29446281313636
Trees,0.982098324007749
Trees,0.532587244020208
Trees,1.07700058702766
Trees,1.4132554422486
Trees,0.811880317757234
Trees,-0.527932508875404
Trees,-1.14808214077555
Trees,-0.67039696053621
Trees,1.07534322864821
Trees,-0.28494457742136
Trees,0.632440305933603
Trees,-1.91727675574744
Trees,0.564183890368849
Trees,-0.151407118526608
Trees,-1.484108730742
Trees,-0.447659228581837
Trees,-0.780923166975598
Trees,-0.312472816348511
Trees,-0.776090057082163
Trees,-0.18597282869414
Trees,0.608726945996968
Trees,1.0196725829307
Trees,0.749180941324865
Trees,0.262663865487365
Trees,0.74598713375227
Trees,-0.551706118843498
Trees,-0.261392814349022
Trees,0.391510520629434
Trees,-1.41746892521068
Trees,0.494105309056791
Trees,0.536431780823202
Trees,0.602106740681958
Trees,-0.572206682586419
Trees,0.82133402831883
Trees,-1.59228521022665
Trees,0.0141782772878216
Trees,0.275205224963036
Trees,-0.387743049316094
Trees,0.133971888298983
Trees,1.00878094378271
Trees,-0.55806241164559
Trees,-0.547623278823479
Trees,0.0140375791838019
Trees,2.08514166700316
Trees,0.160326240239758
Trees,-1.81241749919008
Trees,-0.207021445650255
Trees,1.92060782910034
Trees,0.0752804246881621
Trees,-1.24890832599232
Trees,-0.220720796570181
Trees,-0.0586963988096726
Trees,0.460375199277795
Trees,-0.656008596961268
Trees,0.532151536378986
Trees,-0.908602729129699
Trees,0.717314345337335
Trees,0.121007155382388
Trees,-0.599600153817115
Trees,0.451207497985254
Trees,0.152174806807856
Trees,0.209477124455222
Trees,0.433992298889997
Trees,-1.29089825799811
Trees,-1.61163354085241
Trees,2.08165272658594
Trees,0.4935829415854
Trees,2.15458344191751
Trees,-1.25936024020768
Trees,-0.874885908813823
Trees,-1.38024174499362
Trees,-0.405261328006398
Trees,-0.509524596850097
Trees,0.200324931607767
Trees,1.62460098386898
Trees,-0.503163284522945
Trees,1.64687056476687
Trees,-0.203664326940486
Trees,1.16978556881425
Trees,0.766104389661304
Trees,-0.61405372366008
Trees,0.521655228249976
Trees,0.163530849820609
Trees,-0.570806046478196
Trees,0.497586868863842
Trees,-1.18605315375422
Trees,-1.20470400038851
Trees,0.471154740579346
Trees,-0.687473102364755
Trees,-0.340944155257588
Trees,-0.98009351021655
Trees,-0.14274727304765
Trees,-0.780563371064499
Trees,0.590776402230727
Trees,1.40775365437373
Trees,-1.01823561912732
Trees,1.8327390408009
Trees,-0.857368193176295
Trees,-0.438374179570676
Trees,-0.57770687043757
Trees,0.53823824340867
Trees,-0.032656742322889
Trees,-0.874452528948422
Trees,-1.04599109604584
Trees,0.420121618471219
Trees,1.42648262064021
Trees,-0.223177397316805
Trees,-0.824705632573846
Trees,0.30858774332699
Trees,0.632073728586436
Trees,0.913149902773845
Trees,-0.615007524393076
Trees,0.877215363427896
Trees,0.516916838469275
Trees,1.01725928405555
Trees,-0.592963645134916
Trees,-0.22965495457479
Trees,1.67864125428678
Trees,-0.129492938122675
Trees,0.262188493064098
Trees,-1.33080420694815
Trees,-0.0219829524008097
Trees,0.912671934572519
Trees,0.50141783677902
Trees,0.326457529101651
Trees,0.347999952656108
Trees,-0.285975684354228
Trees,-0.529904461495489
Trees,0.323035439718
Trees,-0.832443603629278
Trees,0.431754199751727
Trees,0.905228758240486
Trees,-1.02822021066921
Trees,-1.86431415852055
Trees,0.495288341561458
Trees,-0.0801250897344454
Trees,0.133082658406885
Trees,-0.453803617207271
Trees,-1.03876183554865
Trees,-0.318517743918652
Trees,0.138228825192388
Trees,-1.24246264214053
Trees,-1.70506782857474
Trees,0.141844370509377
Trees,-1.27275008942505
Trees,-0.0434924843026766
Trees,-0.91906068691175
Trees,-0.886769575532302
Trees,0.782037234707943
Trees,1.8598697914717
Trees,-0.216010798086449
Trees,1.10322668112569
Trees,0.341739822127313
Trees,-1.17783802369831
Trees,0.408162357825023
Trees,0.63251581343465
Trees,1.24235231214653
Trees,-0.571712429658314
Trees,-1.86990003425807
Trees,-0.164041800434492
Trees,-2.17624169623109
Trees,1.82493086303235
Trees,1.22478770629731
Trees,1.81092080526663
Trees,0.685270504768254
Trees,-0.547620279231571
Trees,0.142845528110485
Trees,1.6087439934666
Trees,-0.410793412530354
Trees,0.961333960175801
Trees,-1.05036510186733
Trees,-0.808299080460989
Trees,0.653763552651453
Trees,0.353629614875469
Trees,2.4781302607924
Trees,-0.164991845052828
Trees,0.382542070822413
Trees,-1.09023566558401
Trees,1.23532342894693
Trees,1.55542359199315
Trees,0.24759410248237
Trees,1.39757641355161
Trees,-0.724537548865583
Trees,-0.87375117672738
Trees,0.227340031753763
Trees,1.81781928723273
Trees,-0.240400424992919
Trees,-0.660260746017571
Trees,1.07873366713949
Trees,-1.45929980170279
Trees,0.842837768030142
Trees,-1.0843440245915
Trees,-0.148834433609813
Trees,-1.46844259986115
Trees,1.33260587436836
Trees,0.51484887569917
Trees,1.24231879601992
Trees,0.225283424471205
Trees,1.91877581151417
Trees,1.76309688897762
Trees,-2.32918670890843
Trees,0.221417716169295
Trees,-0.412521716374191
Trees,-0.482495551775325
Trees,-1.49940547501053
Trees,-0.046260592822585
Trees,1.72812501185015
Trees,0.649691569628414
Trees,0.369680074933985
Trees,-1.87196622888645
Trees,-0.260933043881513
Trees,-0.615227665157141
Trees,-0.331154076232479
Trees,1.21057189019311
Trees,-0.576355799624985
Trees,-0.98375374366599
Trees,0.0569107971511641
Trees,0.0683031784636413
Trees,-0.0797434408958469
Trees,0.0974688288292297
Trees,-1.05549186426937
Trees,-2.1251322044854
Trees,1.31893092063992
Trees,0.593337633390877
Trees,1.16232701720332
Trees,1.18194029077801
Trees,1.11755593481262
Trees,0.867270654334035
Trees,-0.412088909216928
Trees,-0.877085117231653
Trees,0.352550856342501
Trees,1.0461877168671
Trees,-0.184984158842206
Trees,0.850192735236842
Trees,-0.165300513829091
Trees,0.971286820358688
Trees,0.085894266391598
Trees,-1.74454895398468
Trees,2.39945642594414
Trees,-6.11747406349804e-05
Trees,-0.0816608750454089
Trees,-1.66227487093112
Trees,-1.57216998319334
Trees,-0.410901470624614
Trees,-1.07355170717043
Trees,0.470081101287491
Trees,-1.25894797990535
Trees,-0.303300735224903
Trees,-3.26402378242533
Trees,1.20767932026504
Trees,1.20954005262099
Trees,-1.66679640838004
Trees,0.638225235620041
Trees,0.796098327177592
Trees,-0.268470584446244
Trees,-0.594943615070936
Trees,-0.918766799234585
Trees,-1.08782028845848
Trees,0.129658122519403
Trees,0.486383501607885
Trees,-0.213078610803258
Trees,0.362871929076757
Trees,-1.25066423826388
Trees,0.251364121086521
Trees,0.220617231779298
Trees,-2.11066592166223
Trees,0.421331802325743
Trees,-0.484780208073652
Trees,1.70044400704093
Trees,2.35512807436571
Trees,-1.25397625868407
Trees,-0.503285062829127
Trees,0.436976296248792
Trees,0.615523526744162
Trees,0.138728714406229
Trees,1.14475993711051
Trees,-0.950579961225688
Trees,0.473700263937331
Trees,2.28546032597365
Trees,0.0503286910416296
Trees,1.51349622017072
Trees,-0.0141290927753844
Trees,-0.546444985722314
Trees,-0.00845901408276695
Trees,-1.45594264191826
Trees,-0.424389887041976
Trees,-0.357267062061069
Trees,0.0979987960465006
Trees,-0.383695677476418
Trees,0.81112004184662
Trees,-1.23221509344734
Trees,1.01753093793033
Trees,-0.499592088573252
Trees,1.22352371088843
Trees,-0.129659566392772
Trees,-0.279517027704935
Trees,-0.577580236771149
Trees,0.832641295963345
Trees,-0.664285541727547
Trees,1.22392595347933
Trees,1.2944878237605
Trees,-0.269668690297391
Trees,1.49823284538012
Trees,-1.0932957727146
Trees,-0.837536360650845
Trees,-0.850635128077276
Trees,-1.24808813926818
Trees,-0.778730461920734
Trees,-0.666522484845759
Trees,0.635452586113947
Trees,-0.479578977429342
Trees,-1.06251645715651
Trees,-1.86311900688074
Trees,0.395935082114742
Height,1.92715703780071
Height,3.01175005106708
Height,2.29286470737091
Height,4.16520266886014
Height,3.77175941579828
Height,4.56319387998927
Height,4.44265981147223
Height,3.85872271791127
Height,2.92021671051106
Height,3.66899028801479
Height,4.05029835156948
Height,2.77504697141501
Height,2.91900477750825
Height,5.41824782623836
Height,2.96720990465816
Height,5.52539120872203
Height,2.82879641058106
Height,3.94364775876168
Height,3.30672778292722
Height,6.19769792272544
Height,5.11232219557474
Height,2.19884961773764
Height,4.63162616941453
Height,5.0611413779667
Height,4.98652198716552
Height,5.00122090079423
Height,3.36454880002254
Height,4.53607212488818
Height,4.58655741660547
Height,5.12514456799041
Height,4.52282041586771
Height,3.95900361866147
Height,5.29854589869785
Height,3.18425198999098
Height,6.11050670087703
Height,4.43350484691411
Height,4.68849900822886
Height,2.06661446503321
Height,3.0915663392481
Height,4.52206802579118
Height,4.28195580825486
Height,2.54146215741104
Height,5.61912663725297
Height,4.40661085588452
Height,2.86889229921107
Height,3.61231474078335
Height,4.03496681416056
Height,3.81443447869046
Height,2.80633261679899
Height,5.03488220803178
Height,4.37795731619215
Height,2.5129424096776
Height,4.77206153452628
Height,2.7981210507338
Height,4.25154026220093
Height,5.28822247037937
Height,2.99802733632814
Height,4.45724794438583
Height,3.71838173610415
Height,4.75830165539873
Height,2.83048342678804
Height,3.42975112275818
Height,2.62951409242299
Height,6.5817699293072
Height,4.65585012623052
Height,4.44784932761291
Height,3.09745874347423
Height,3.55615118380916
Height,4.31987334140467
Height,3.22173288354147
Height,3.39628626890808
Height,2.6690055403316
Height,4.93217989135242
Height,3.11387414461427
Height,3.66580717783073
Height,5.05352622130446
Height,4.9566697052665
Height,3.17694932876715
Height,3.77897407341246
Height,2.51247275670549
Height,4.43142151984478
Height,2.66707677744665
Height,3.18870034001533
Height,5.17156219582984
Height,2.99585677434194
Height,3.55401495014793
Height,4.53041996703601
Height,3.61661436501126
Height,5.3319935002367
Height,4.6249855024301
Height,3.80026878384996
Height,1.87972109856866
Height,3.06908723750622
Height,2.51973309294538
Height,3.71652832497142
Height,4.0234359540261
Height,2.75307871973158
Height,4.03188368518866
Height,5.61280427655634
Height,5.73728195003297
Height,4.63310278291583
Height,3.27126947697808
Height,3.08981798548539
Height,4.82078572762278
Height,3.55893819208197
Height,5.13606413462996
Height,2.85128022090342
Height,2.41511003227178
Height,4.83895265573949
Height,5.40956668071133
Height,4.4734686136171
Height,4.51949664334318
Height,4.72739225916055
Height,3.31046955195161
Height,3.68876540669797
Height,4.23978630656545
Height,3.43414020832626
Height,4.16008657657895
Height,2.68837859007252
Height,3.96825859423304
Height,5.97015900449687
Height,4.58438041043834
Height,4.29146306562372
Height,2.68199441689061
Height,3.39829946100657
Height,6.18562121555244
Height,4.14251446206136
Height,3.09708446679203
Height,6.16872334246871
Height,4.20689657782731
Height,5.12232373603286
Height,4.80367249913822
Height,6.07121644300021
Height,5.21172812807103
Height,3.34821417514141
Height,5.4764008478353
Height,4.15061580830985
Height,2.23010849662051
Height,4.9602466052069
Height,3.35807631018362
Height,4.57404254548779
Height,4.21816668423118
Height,4.31115387997542
Height,3.14471211694101
Height,4.23777639764956
Height,3.69114359707396
Height,3.38126800986096
Height,5.27594801810313
Height,3.37809450622227
Height,4.26655909160311
Height,4.09610021079029
Height,1.3112109424973
Height,4.7437370338061
Height,5.42719271369582
Height,4.03236222641869
Height,5.30405492758638
Height,2.90613372604675
Height,3.12317666875359
Height,3.04047991991044
Height,4.81329189977148
Height,4.1828794789652
Height,5.32036891075834
Height,6.12566946361527
Height,4.22901062881276
Height,5.89802310828919
Height,3.20846842172331
Height,4.49076676222116
Height,4.75455976104005
Height,4.27211343089341
Height,3.9217360348271
Height,3.7809936011136
Height,4.14658838172615
Height,3.962649953656
Height,3.72626077491568
Height,2.80484050884585
Height,5.05924005643902
Height,4.9625478459314
Height,3.14521262570732
Height,4.41417705623449
Height,3.9048114136324
Height,3.51842200430475
Height,4.52398413240507
Height,4.00854356227864
Height,4.84945124913855
Height,5.01018780826482
Height,4.33794718936546
Height,5.10620179530999
Height,4.1376913505229
Height,1.70064283612053
Height,4.71456332914854
Height,4.94060606718717
Height,5.25686538016987
Height,4.12843526660127
Height,3.49772457882282
Height,3.88463714489871
Height,3.24782873116194
Height,3.92998203741783
Height,2.22540997708289
Height,3.39719975928829
Height,4.64579172255258
Height,3.42760766756894
Height,3.30298340270161
Height,3.70714046232464
Height,3.46064779290549
Height,5.11814923075914
Height,4.27840373085733
Height,6.07335780338459
Height,2.79915574974699
Height,4.11263051985816
Height,5.46767295388467
Height,3.37380640495842
Height,4.20838460971392
Height,4.80971956019262
Height,2.72485989625263
Height,3.58000558682711
Height,4.30271257981931
Height,4.11838704387818
Height,2.95821464346227
Height,4.01225659207715
Height,4.60625715339232
Height,4.14374100782446
Height,3.1801695259638
Height,4.2142833618192
Height,3.72083732873316
Height,4.31579244515041
Height,4.08534688008329
Height,4.68492112527021
Height,3.39879038526059
Height,4.12671539330013
Height,2.64327765750327
Height,3.98380005012128
Height,6.6690173880946
Height,4.39095808345006
Height,4.44255771099604
Height,4.85619782010237
Height,4.57345882327135
Height,3.95200497246039
Height,4.37202765663846
Height,3.27076387070465
Height,4.59543404228285
Height,4.19175034676564
Height,3.87405583162858
Height,3.31697066802449
Height,1.75543894721229
Height,4.04400638644551
Height,4.73295812457811
Height,5.06488266769065
Height,4.71424588752924
Height,4.57714485060104
Height,3.38210712502589
Height,4.11862256757225
Height,3.06600507518045
Height,4.31006528274048
Height,5.06925629431003
Height,4.91155722049267
Height,4.5921656349774
Height,3.84008517462514
Height,2.80942501291609
Height,3.18383095247554
Height,4.55297562253916
Height,5.07272250379192
Height,3.46536147830368
Height,3.96359599113987
Height,4.83148251654042
Height,3.94414130474083
Height,4.08984553024626
Height,4.62832651024899
Height,3.23248961549123
Height,2.60645444828036
Height,4.1533737719586
Height,2.8998175746661
Height,4.50090100842449
Height,4.86308410822224
Height,2.963768082963
Height,4.50471515037215
Height,3.86628516288434
Height,3.98501682922081
Height,4.75094108949501
Height,4.49040271724779
Height,2.62504737576339
Height,2.26002614246914
Height,5.80277293051822
Height,4.22063936021018
Height,3.07963644182694
Height,3.55976921153519
Height,5.70482791748789
Height,2.61237774191346
Height,3.34549565316185
Height,2.86439616892527
Height,3.72359679178409
Height,3.56915775717088
Height,3.74204200542408
Height,5.27460009553632
Height,4.73866267853892
Height,3.70219394890368
Height,3.52466924742454
Height,4.6859930179646
Height,3.33007715949349
Height,3.17104215238952
Height,3.20125547150722
Height,4.68172051492659
Height,3.65409628970942
Height,3.12051329547179
Height,3.88419521824309
Height,4.84909703192798
Height,5.54248126551704
Height,2.59663968159011
Height,3.85661680056062
Height,4.23191027826733
Height,5.6252868981076
Height,1.74107095437678
Height,6.07056508776174
Height,5.28276157231583
Height,4.75504967045242
Height,1.65772266824258
Height,4.13051170056847
Height,3.62961527741702
Height,3.79004775393609
Height,6.0598581072695
Height,3.87367954564361
Height,3.25600084276851
Height,4.70364248563106
Height,3.22172374626842
Height,2.60595802256354
Height,6.64806991808888
Height,2.73149807418538
Height,2.65635809542417
Height,3.67884764080831
Height,3.34546764916297
Height,1.56714869942661
Height,3.1428737079587
Height,3.83178134936462
Height,5.13120591576654
Height,4.74957859023925
Height,3.86657971835758
Height,2.81882617931782
Height,3.8693708466287
Height,2.94025414399023
Height,2.17209835008007
Height,2.70454896291244
Height,5.80431634108542
Height,3.57371135835201
Height,4.32076069413954
Height,4.10178198694607
Height,4.90767657946574
Height,3.9050773783803
Height,3.8404093536067
Height,4.59122974118349
Height,3.28589800049913
Height,3.24469738266209
Height,2.66023119760878
Height,4.5374675429094
Height,4.22349063289708
Height,3.26018101727071
Height,4.42772152309455
Height,4.26228871995274
Height,5.16238856039061
Height,4.69523519899287
Height,2.93083594615915
Height,4.52881999467929
Height,3.89264388867354
Height,1.75665436825712
Height,3.06411378348578
Height,3.37375616202929
Height,3.33123071473586
Height,3.62058004012785
Height,3.64078232219769
Height,4.85287853414747
Height,3.14374212460684
Height,4.46460269396352
Height,3.08558911124939
Height,4.25299919087401
Height,5.44302672058432
Height,3.41325770408934
Height,4.92704015433294
Height,4.08050814383118
Height,1.25210956323382
Height,3.77443907296873
Height,4.01415534276904
Height,4.2701585145874
Height,4.68380030850727
Height,3.69689752933118
Height,4.26478254763399
Height,4.01117033517546
Height,4.70854941401082
Height,3.86797254669481
Height,3.05754203006519
Height,3.24433033598231
Height,5.83824334138123
Height,4.17400386191461
Height,2.7442115533481
Height,4.06021551272561
Height,3.47969841330308
Height,3.61368613037147
Height,4.09571067824495
Height,4.44742581691805
Height,4.54531636877615
Height,3.2891134997808
Height,4.45216365867885
Height,3.21431237485159
Height,3.36122822913423
Height,2.92439554382525
Height,3.77441578183842
Height,3.76970503517883
Height,2.77852811630358
Height,2.42582467395043
Height,5.15396154919223
Height,3.90479110712221
Height,4.78069990409575
Height,4.21267534496662
Height,2.74136123323698
Height,3.27813945631767
Height,5.29848222712117
Height,5.32514586586198
Height,3.82510508453949
Height,4.81368572336506
Height,3.67346953783527
Height,5.17643382433956
Height,3.45255313230501
Height,3.45095190051741
Height,2.95660229831864
Height,3.76566172652457
Height,4.64564706759233
Height,3.80624328484108
Height,4.62442485653397
Height,5.22013666773772
Height,4.70627756434427
Height,3.77716050375096
Height,3.73317401112327
Height,4.49167598083419
Height,4.82068628166964
Height,2.96689929069279
Height,3.3508172438745
Height,4.56613624005424
Height,4.26327160185945
Height,2.8518031194032
Height,4.74947925711203
Height,4.09432690521208
Height,3.61654494755605
Height,4.46016696346869
Height,4.76946204762591
Height,2.24362459953442
Height,4.56675017482456
Height,1.64426667402479
Height,3.46344715362581
Height,2.49874379964974
Height,4.95687419055584
Height,4.79252643586848
Height,3.52067138075215
Height,2.39599802542716
Height,4.33008620631285
Height,3.20034196722749
Height,2.97838414707859
Height,2.45050213442371
Height,3.38336574920916
Height,4.0687737026197
Height,2.09917317925361
Height,2.72071658765059
Height,3.32571138021126
Height,4.46716152738889
Height,3.12005866268191
Height,4.51588446394813
Height,2.67720441478769
Height,5.83556940618181
Height,4.159600264742
Height,3.70491285882899
Height,4.61000855710149
Height,2.43894966838946
Height,2.78899039037966
Height,3.61404848295946
Height,4.48088819194621
Height,3.95904126117395
Height,5.72071257567839
Height,3.8328808257382
Height,4.34522361909472
Height,4.30993429353616
Height,4.22629332087336
Height,3.42751948538598
Height,3.20066941184682
Height,3.13660239991581
Height,2.72729354900796
Height,4.9778914797168
Height,4.54407406856257
Height,4.14424242281366
Height,3.5497239915095
Height,4.29853777864852
Height,4.17503832247591
Height,4.33664934215583
Height,5.08311846277689
Height,3.38833335851137
Height,2.6116197424059
Height,3.6994633658212
Height,5.0814875769566
Height,4.12068908018424
Height,5.013521836077
Height,4.58081060903987
Height,2.87599142425317
Height,5.04153817577397
Height,4.20038225491883
Height,5.36261570333622
Height,3.91775012944213
Height,3.4607371943248
Height,3.17149900224243
Height,5.72144069881365
Height,4.74023583105067
Height,4.02168250481216
Height,4.31050162908127
Height,5.60800392820641
Height,3.28649502250446
Height,3.23385679725138
Height,5.34434289462365
Height,3.40729796006084
Height,3.85076484605878
Height,3.35745925865511
Height,3.53672228274685
Height,3.2083332547507
Height,4.53338774911634
Height,5.58104404140571
Height,4.63711443944993
Height,5.33250640185968
Height,2.17852151138076
Height,4.60668463647335
Height,4.13131090436911
Height,4.43255442359394
Height,4.36174765168743
Height,2.78919241952748
Height,4.23683534716692
Height,3.11680274304767
Height,3.84227827417556
Height,5.12958341283653
Height,4.45764896704152
Height,5.50788630935339
Height,3.24878306091882
Height,2.95167640349231
Height,4.04151693983027
Height,3.31369069557069
Height,3.54705499648382
Height,2.99575803654724
Height,4.15122310054075
Height,4.60780244088961
Height,3.40562194690298
Height,5.55855095312984
Height,0.99026898001381
Height,3.79147247831165
Height,5.20777996386848
Height,4.88107706073967
Height,3.98394889835078
Height,4.67578203341043
Height,2.23783044843607
Height,4.55941461127701
Height,5.12860645690969
Height,4.9135008248684
Height,3.5081642652034
Height,4.22197398854883
Height,3.38037116254722
Height,4.94334495525192
Height,3.94506676856033
Height,4.38855268742246
Height,4.15750219024216
Height,4.66385871110194
Height,2.10061148779139
Height,2.91273793734905
Height,4.1480081019734
Height,2.64438560605052
Height,4.17602539756335
Height,3.69185444606495
Height,4.19443845023768
Height,2.44564581995189
Height,5.64213823635679
Height,4.99873621685632
Height,3.92752975873272
Height,3.1088522900305
Height,5.00792828115522
Height,4.36211608703828
Height,2.89054402264884
Height,3.95373680486482
Height,4.26206342182037
Height,4.47332173232433
Height,3.76350877541632
Height,3.19240235548807
Height,2.97766124339882
Height,3.67612948480439
Height,5.16199825189535
Height,2.67050306680982
Height,4.37498834438776
Height,3.0335637485441
Height,2.46497943684578
Height,3.28668844489634
Height,3.39384522793832
Height,5.21432743931171
Height,5.4832195321735
Height,4.90530558959242
Height,2.79201077598119
Height,3.7342126087159
Height,3.03180817992892
Height,5.46505037186903
Height,4.30597055372171
Height,2.89581696591958
Height,3.99372403499717
Height,3.76137211203946
Height,3.95493803669226
Height,2.93261162682781
Height,4.78315788957956
Height,4.61011826795511
Height,3.6293352747207
Height,4.49372944036594
Height,4.50367035757202
Height,4.26214435056136
Height,4.77988335241255
Height,5.02256016454576
Height,4.32965540154175
Height,4.19747452949287
Height,2.79623462279098
Height,3.51600676402198
Height,4.95819919589043
Height,4.264965506618
Height,3.19954855257092
Height,5.83319667258012
Height,3.07278165837968
Height,2.84305983004351
Height,3.93103968520589
Height,3.69394800496717
Height,5.06067374751431
Height,4.11612273652569
Height,4.77107309619784
Height,5.8344278675705
Height,6.20610022582634
Height,2.94643779143752
Height,4.82649898524156
Height,5.23838249839822
Height,2.7133420613383
Height,3.63718698869754
Height,4.53728498227572
Height,3.63001514837048
Height,1.53925571448197
Height,4.25755328788205
Height,4.03647840570593
Height,4.80417325573943
Height,4.90649124911063
Height,3.83265807027607
Height,4.64829495801713
Height,4.11778685878165
Height,2.97578345182362
Height,2.09605002285071
Height,4.36226532186154
Height,4.02608873276806
Height,6.22824506115542
Height,3.4498943794518
Height,3.29835408796579
Height,4.32624959416328
Height,4.90322666874213
Height,4.38704139209742
Height,4.20712162615109
Height,4.35820668265807
Height,3.72506863456728
Height,4.03728046607836
Height,3.5285561569464
Height,4.62158514066786
Height,5.83705060494348
Height,4.61312241816273
Height,4.93334305920547
Height,3.29186855030416
Height,4.8526344969574
Height,4.08951392748202
Height,2.83206794371461
Height,6.69117892629632
Height,6.12675810544903
Height,2.0478224428096
Height,5.22282307340657
Height,5.76375831528005
Height,5.21523714120059
Height,4.68230760276584
Height,3.11062012057515
Height,3.8854662085379
Height,4.69177492440091
Height,3.96219477795994
Height,4.86645882469235
Height,3.44545540831258
Height,3.5194114719044
Height,4.98561825050971
Height,5.21522797117029
Height,4.16537699352201
Height,4.13118932140386
Height,5.1343208228929
Height,3.65933115985767
Height,4.23223262636394
Height,4.09928358848231
Height,3.93013142404119
Height,3.83615472782091
Height,3.91372913628725
Height,4.58109750169728
Height,3.61712566513452
Height,2.71965392336359
Height,5.42138132602893
Height,2.33142425251317
Height,3.17587263819764
Height,3.23344269615126
Height,3.11391988339955
Height,5.11913483538592
Height,2.24056110353286
Height,3.3947312641662
Height,5.03211255988346
Height,3.54251229483888
Height,3.52036800172313
Height,2.62588036836499
Height,3.52080034277126
Height,5.29202249014717
Height,3.37053218023272
Height,3.46816120081831
Height,3.45361886700871
Height,2.34381324017798
Height,2.56364873766458
Height,4.71028812494519
Height,1.88051023591337
Height,5.47416681574974
Height,4.64764705182203
Height,4.3704326608943
Height,4.16992456267013
Height,3.58220181007215
Height,4.53674559624478
Height,3.52992850898347
Height,1.82891032354679
Height,3.07535366181673
Height,4.26923292861021
Height,3.52009873852261
Height,5.770010613052
Height,3.42181255023772
Height,4.84496127338773
Height,3.56761358079042
Height,4.53481963119943
Height,5.60031853210726
Height,2.92406312077574
Height,4.39099244196296
Height,6.01612582318756
Height,3.61599841236721
Height,4.1111891528918
Height,3.91180290040716
Height,3.46858250695384
Height,4.46445782371734
Height,2.67507989100948
Height,4.46117839173114
Height,4.74696376335737
Height,3.4184862912645
Height,3.24454113631426
Height,4.57129072049615
Height,2.82332550339626
Height,2.78726239722325
Height,1.47687135830876
Height,3.73577715438908
Height,4.3946847950581
Height,4.4743059122762
Height,4.35303990001541
Height,2.66354518123465
Height,3.81924054007042
Height,3.38443028971557
Height,3.7562922215457
Height,6.96423311195863
Height,3.89695941439327
Height,4.5828563119713
Height,4.9852097934865
Height,3.50214819392518
Height,3.53831250358511
Height,2.29524964240655
Height,3.96335915842317
Height,1.44932368675905
Height,4.21813674755926
Height,4.74979574724758
Height,4.71754356581116
Height,5.49714910603624
Height,4.7930994695749
Height,4.61573396928532
Height,2.56332020588862
Height,2.95548491879588
Height,3.77230290465476
Height,4.98143785481939
Height,3.56363989294856
Height,3.55065396801214
Height,4.73937651103805
Height,4.30231840480772
Height,2.60413319357863
Height,2.06613250368052
Height,5.13625537124036
Height,3.48136154260762
Height,6.47517521844831
Height,2.92731440018657
Height,5.04551133105752
Height,2.86351713496212
Height,4.7523464406764
Height,4.27891548637163
Height,2.69618370005337
Height,6.31134537161063
Height,4.04166937995478
Height,1.62504378028498
Height,3.46171251931862
Height,3.6188664989187
Height,4.26004136612389
Height,5.50878188399732
Height,3.01723847657771
Height,3.70455206562476
Height,2.44692747872421
Height,3.05453304567046
Height,3.01971131142149
Height,3.76872249854122
Height,2.87861211505809
Height,4.66280431554361
Height,3.73297114707905
Height,2.94480189690947
Height,3.09118973094835
Height,5.15245979322195
Height,3.62474415260476
Height,3.25781946279844
Height,4.88290596148206
Height,2.72329619915538
Height,3.3094067311814
Height,2.83254685697218
Height,4.03709289538525
Height,3.31521582752996
Height,4.26269755481215
Height,4.20462989451223
Height,4.30728230182286
Height,3.47899157317083
Height,5.42773821475495
Height,4.13258446876803
Height,3.25668226137345
Height,3.84910425462503
Height,4.31741287351839
Height,4.38739169013066
Height,5.77047494483057
Height,4.48752581901282
Height,3.85162244196605
Height,3.9682057740186
Height,5.25474989886427
Height,4.11747026750313
Height,6.02795245239624
Height,2.91413692300487
Height,5.07980058294115
Height,4.73701318236108
Height,4.12163898586562
Height,5.55853914536569
Height,3.91018668274225
Height,1.89122749015339
Height,5.83283416067762
Height,4.61893618831346
Height,3.96484643284704
Height,3.24106094230435
Height,4.75606215054119
Height,4.78393515597056
Height,4.82175665210082
Height,2.71119452789071
Height,3.42115846037898
Height,2.77248046910466
Height,4.17329004391636
Height,2.19866763205607
Height,4.11089665246367
Height,4.62033845330054
Height,4.31659144929584
Height,1.90340838946303
Height,2.52000517811696
Height,4.86591388545473
Height,3.76513974270003
Height,4.1560314105107
Height,4.16939200190744
Height,4.27503358456088
Height,4.17044749957709
Height,3.98453590922923
Height,4.90982174429767
Height,6.09507232383576
Height,6.06151608487555
Height,4.72710976844128
Height,4.21731481150285
Height,1.54442449631662
Height,4.12265352428763
Height,3.48034229890769
Height,5.2763967111388
Height,1.98560150561547
Height,5.27545345680946
Height,3.48101586637265
Height,3.62552930070947
Height,5.88823921680562
Height,4.50198024988547
Height,3.76231725169906
Height,2.78842235060945
Height,4.21411045994389
Height,3.41295576577601
Height,5.10569822621486
Height,3.2932242928932
Height,4.16584720436908
Height,4.97812290287887
Height,3.2977380993149
Height,4.8151271716602
Height,3.60777598109747
Height,6.15226006153642
Height,3.82501765806057
Height,2.17317966671149
Height,2.62714189477489
Height,3.89834232036275
Height,4.35321147255549
Height,4.21452045398382
Height,3.31382386229728
Height,2.65149053851681
Height,2.26254047895914
Height,3.99399557032903
Height,5.14163273649791
Height,5.01622291253575
Height,2.47836157768143
Height,4.51893048154682
Height,5.5561207630383
Height,4.96073887845281
Height,4.67826864095972
Height,6.41024164759202
Height,3.81055434925645
Height,3.93640620824516
Height,2.26252031265043
Height,2.60357183881144
Height,4.82068388627664
Height,3.92527046846192
Height,4.14124422105895
Height,4.6394236209317
Height,4.07001480741221
Height,2.68609141536546
Height,4.91413704508624
Height,2.52807425624408
Height,2.79484146223311
Height,3.61327624007178
Height,3.90509197311561
Height,4.63527965630582
Height,2.59894546166403
Height,4.73000141514629
Height,4.88878468890445
Height,4.19774210660373
Height,4.6776147242568
Height,4.7198932343328
Height,3.96316282015643
Height,5.41123773507356
Height,3.29747090659409
Height,4.28518240094712
Height,3.12246571915479
Height,2.36769334116732
Height,4.61135105633963
Height,5.21276475182054
Height,3.86511218181117
Height,6.17478726394127
Height,2.00766010999699
Height,3.30668432617802
Height,3.88154846744785
Height,6.40512607712403
Height,4.12588389978592
Height,4.27511444990566
Height,4.40500192038884
Height,4.78623454570781
Height,3.91862138053436
Height,6.13753166951302
Height,3.8238832682702
Height,5.18575776741209
Height,3.85034843167762
Height,3.15976624998382
Height,3.93509620292349
Height,2.52424608228197
Height,3.11590804637585
Height,5.45949743744997
Height,4.4261875894052
Height,3.07596165781302
Height,3.48762773207571
Height,4.27411576546989
Height,4.34836494189721
Height,1.99772946267669
Height,3.42439977396854
Height,4.40750516633189
Height,3.95409750955912
Height,3.74739487802092
Height,2.43825260457451
Height,4.06627071123806
Height,4.64634660839154
Height,3.47065969636248
Height,3.46027470214983
Height,3.19635659248686
Height,6.36153640668613
Height,5.24604608633957
Height,4.05823571820507
Height,5.2248035273192
Height,5.82179757537179
Height,2.01136691468931
Height,5.3915174682974
Height,3.64030137904322
Height,3.7904676737778
Height,3.03839502970028
Height,3.10828335299036
Height,2.80618289980072
Height,3.6057812175497
Height,3.98565471839628
Height,4.25010703308328
Height,5.59969695238113
Height,5.31633976210107
Height,3.1420355782497
Height,2.7833926067038
Height,3.78880498311999
Height,3.26117029254512
Height,4.23414501439723
Height,3.17353336450604
Height,3.38791781876974
